<?xml version="1.0" encoding="UTF-8"?>
<project-private xmlns="http://www.netbeans.org/ns/project-private/1">
    <editor-bookmarks xmlns="http://www.netbeans.org/ns/editor-bookmarks/2" lastBookmarkId="0"/>
    <open-files xmlns="http://www.netbeans.org/ns/projectui-open-files/2">
        <group>
            <file>file:/D:/xampp/htdocs/AI2/Footer.php</file>
            <file>file:/D:/xampp/htdocs/AI2/index.php</file>
            <file>file:/D:/xampp/htdocs/AI2/Header.php</file>
            <file>file:/D:/xampp/htdocs/AI2/Technologies.php</file>
            <file>file:/D:/xampp/htdocs/AI2/assets/js/main.js</file>
            <file>file:/D:/xampp/htdocs/AI2/About-Us.php</file>
            <file>file:/D:/xampp/htdocs/AI2/assets/css/style.css</file>
        </group>
    </open-files>
</project-private>
